{
  "options": [
    {
      "enabled": false,
      "definition": {
        "id": "5d58cc01-7c75-450c-be18-a388ddb129ec"
      },
      "inputs": {
        "branchFilters": "[\"+refs/heads/*\"]",
        "additionalFields": "{}"
      }
    },
    {
      "enabled": false,
      "definition": {
        "id": "a9db38f9-9fdc-478c-b0f9-464221e58316"
      },
      "inputs": {
        "workItemType": "Issue",
        "assignToRequestor": "true",
        "additionalFields": "{}"
      }
    }
  ],
  "variables": {
    "COSMOSCON": {
      "value": "customer-con"
    },
    "COSMOSCONPARTKEY": {
      "value": "/message/lastName"
    },
    "SERVICEBUSQUEUE": {
      "value": "customer-queue"
    },
    "system.debug": {
      "value": "false",
      "allowOverride": true
    }
  },
  "variableGroups": [
    {
      "variables": {
        "APIM": {
          "value": "aisshared"
        },
        "APPINSIGHTS": {
          "value": "aisshared-ai"
        },
        "COSMOSACC": {
          "value": "aisshared-acc"
        },
        "COSMOSDB": {
          "value": "aisshared-db"
        },
        "KV": {
          "value": "aisshared-kv"
        },
        "KVCOSMOSDBLABEL": {
          "value": "aissharedcosmosdb"
        },
        "KVSERVICEBUSLABEL": {
          "value": "aissharedservicebus"
        },
        "LOCATION_SHARED": {
          "value": "westeurope"
        },
        "LOGANALYTICS": {
          "value": "aisshared-ws"
        },
        "RESOURCEGROUP_SHARED": {
          "value": "aisshared-rg"
        },
        "SERVICEBUSNS": {
          "value": "aisshared-ns"
        }
      },
      "type": "Vsts",
      "name": "Shared Resources",
      "description": "Variables used to create your shared resources.",
      "id": "$Shared Resources$"
    }
  ],
  "properties": {},
  "tags": [],
  "_links": "{}",
  "jobAuthorizationScope": "projectCollection",
  "jobTimeoutInMinutes": 60,
  "jobCancelTimeoutInMinutes": 5,
  "badgeEnabled": true,
  "process": {
    "phases": [
      {
        "steps": [
          {
            "environment": {},
            "enabled": true,
            "continueOnError": false,
            "alwaysRun": false,
            "displayName": "Copy Files",
            "timeoutInMinutes": 0,
            "condition": "succeeded()",
            "task": {
              "id": "5bfb729a-a7c8-4a78-a7c3-8d717bb7c13c",
              "versionSpec": "2.*",
              "definitionType": "task"
            },
            "inputs": {
              "SourceFolder": "",
              "Contents": "**",
              "TargetFolder": "$(agent.builddirectory)",
              "CleanTargetFolder": "false",
              "OverWrite": "false",
              "flattenFolders": "false",
              "preserveTimestamp": "false"
            }
          },
          {
            "environment": {},
            "enabled": true,
            "continueOnError": false,
            "alwaysRun": false,
            "displayName": "Azure CLI - Create / Update Azure Resources",
            "timeoutInMinutes": 0,
            "condition": "succeeded()",
            "task": {
              "id": "46e4be58-730b-4389-8a2f-ea10b3e5e815",
              "versionSpec": "1.*",
              "definitionType": "task"
            },
            "inputs": {
              "connectedServiceNameARM": "",
              "scriptLocation": "scriptPath",
              "scriptPath": "deploy/azuredeploy_shared.sh",
              "inlineScript": "",
              "args": "-r $(RESOURCEGROUP_SHARED) -l $(LOCATION_SHARED) -a $(COSMOSACC) -d $(COSMOSDB) -c $(COSMOSCON) -p $(APIM) -n $(SERVICEBUSNS) -q $(SERVICEBUSQUEUE) -w $(LOGANALYTICS) -k $(KV) -s $(KVSERVICEBUSLABEL) -x $(KVCOSMOSDBLABEL) -y \"$(COSMOSCONPARTKEY)\"",
              "addSpnToEnvironment": "false",
              "useGlobalConfig": "false",
              "cwd": "$(agent.builddirectory)",
              "failOnStandardError": "false"
            }
          },
          {
            "environment": {},
            "enabled": true,
            "continueOnError": false,
            "alwaysRun": false,
            "displayName": "Azure Deployment: Create Or Update Application Insights and integrate with API Management",
            "timeoutInMinutes": 0,
            "condition": "succeeded()",
            "task": {
              "id": "94a74903-f93f-4075-884f-dc11f34058b4",
              "versionSpec": "2.*",
              "definitionType": "task"
            },
            "inputs": {
              "ConnectedServiceName": "",
              "action": "Create Or Update Resource Group",
              "resourceGroupName": "$(RESOURCEGROUP_SHARED)",
              "location": "$(LOCATION_SHARED)",
              "templateLocation": "Linked artifact",
              "csmFileLink": "",
              "csmParametersFileLink": "",
              "csmFile": "$(agent.builddirectory)/deploy/azuredeploy_appinsights.json",
              "csmParametersFile": "$(agent.builddirectory)/deploy/azuredeploy_appinsights.parameters.json",
              "overrideParameters": "-ApplicationInsightsLocation $(LOCATION_SHARED) -ApplicationInsightsInstanceName $(APPINSIGHTS) -ApimServiceName $(APIM)",
              "deploymentMode": "Incremental",
              "enableDeploymentPrerequisites": "None",
              "deploymentGroupEndpoint": "",
              "project": "",
              "deploymentGroupName": "",
              "copyAzureVMTags": "true",
              "runAgentServiceAsUser": "false",
              "userName": "",
              "password": "",
              "outputVariable": "",
              "deploymentName": "",
              "deploymentOutputs": "",
              "addSpnToEnvironment": "false"
            }
          },
          {
            "environment": {},
            "enabled": true,
            "continueOnError": false,
            "alwaysRun": false,
            "displayName": "Publish Artifact: drop",
            "timeoutInMinutes": 0,
            "condition": "succeeded()",
            "task": {
              "id": "2ff763a7-ce83-4e1f-bc89-0ae63477cebe",
              "versionSpec": "1.*",
              "definitionType": "task"
            },
            "inputs": {
              "PathtoPublish": "$(agent.builddirectory)",
              "ArtifactName": "drop",
              "ArtifactType": "Container",
              "TargetPath": "",
              "Parallel": "false",
              "ParallelCount": "8",
              "FileCopyOptions": ""
            }
          }
        ],
        "name": "Agent job 1",
        "refName": "Job_1",
        "condition": "succeeded()",
        "target": {
          "executionOptions": {
            "type": 0
          },
          "allowScriptsAuthAccessOption": false,
          "type": 1,
          "queue": "{}"
        },
        "jobAuthorizationScope": "projectCollection"
      }
    ],
    "target": {
      "agentSpecification": {
        "identifier": "ubuntu-18.04"
      }
    },
    "type": 1
  },
  "repository": {
    "properties": {
      "cleanOptions": "0",
      "labelSources": "0",
      "labelSourcesFormat": "$(build.buildNumber)",
      "reportBuildStatus": "true",
      "gitLfsSupport": "false",
      "skipSyncSource": "false",
      "checkoutNestedSubmodules": "false",
      "fetchDepth": "0",
      "connectedServiceId": ""
    },
    "id": "$Azure Integration Services Asynchronous Pattern$",
    "type": "TfsGit",
    "name": "Azure Integration Services Asynchronous Pattern",
    "url": "",
    "defaultBranch": "refs/heads/master",
    "clean": "false",
    "checkoutSubmodules": false
  },
  "processParameters": {},
  "quality": "definition",
  "authoredBy": "{}",
  "drafts": [],
  "queue": {
    "_links": "{}",
    "id": "",
    "name": "Azure Pipelines",
    "url": "",
    "pool": {
      "id": "",
      "name": "Azure Pipelines",
      "isHosted": true
    }
  },
  "id": "",
  "name": "Build Azure Integration Services shared resources-CI",
  "url": "",
  "uri": "",
  "path": "\\",
  "type": "build",
  "queueStatus": "enabled",
  "revision": 13,
  "createdDate": "",
  "project": "{}"
}