{
  "source": "userInterface",
  "revision": 43,
  "description": null,
  "createdBy": "{}",
  "createdOn": "",
  "modifiedBy": "{}",
  "modifiedOn": "",
  "isDeleted": false,
  "lastRelease": {
    "id": 26,
    "name": "Release-26",
    "artifacts": [],
    "_links": {},
    "description": "",
    "releaseDefinition": {
      "id": 1,
      "projectReference": null,
      "_links": {}
    },
    "createdOn": "2020-03-13T12:11:01.91Z",
    "createdBy": {
      "displayName": "Pascal van der Heiden",
      "url": "https://spsprodcus2.vssps.visualstudio.com/Aab3e7ea3-a025-4df5-ac30-c880cc2e2e3b/_apis/Identities/32836b1b-f9ae-6cd1-b1ca-103b5eecbadd",
      "_links": {
        "avatar": {
          "href": "https://dev.azure.com/pavander/_apis/GraphProfile/MemberAvatars/aad.MzI4MzZiMWItZjlhZS03Y2QxLWIxY2EtMTAzYjVlZWNiYWRk"
        }
      },
      "id": "32836b1b-f9ae-6cd1-b1ca-103b5eecbadd",
      "uniqueName": "pavander@microsoft.com",
      "imageUrl": "https://dev.azure.com/pavander/_apis/GraphProfile/MemberAvatars/aad.MzI4MzZiMWItZjlhZS03Y2QxLWIxY2EtMTAzYjVlZWNiYWRk",
      "descriptor": "aad.MzI4MzZiMWItZjlhZS03Y2QxLWIxY2EtMTAzYjVlZWNiYWRk"
    }
  },
  "variables": {
    "API_NAME": {
      "value": "Customer"
    },
    "API_OPERATION": {
      "value": "create"
    },
    "API_PATH": {
      "value": "customer"
    },
    "COSMOSCON": {
      "value": "customer-con"
    },
    "LOCATION_LOGICAPPS": {
      "value": "westeurope"
    },
    "ORCHESTRATOR_LA_BASEURL": {
      "value": ""
    },
    "ORCHESTRATOR_LA_NAME": {
      "value": "aisasync-orchestrator-la"
    },
    "ORCHESTRATOR_LA_URLPATH": {
      "value": ""
    },
    "PROCESSOR_LA_NAME": {
      "value": "aisasync-processor-la"
    },
    "RESOURCEGROUP_LOGICAPPS": {
      "value": "aisasyncpat-rg"
    },
    "SERVICEBUSQUEUE": {
      "value": "customer-queue"
    }
  },
  "variableGroups": [
    "$Shared Resources$"
  ],
  "environments": [
    {
      "id": 1,
      "name": "Production",
      "rank": 1,
      "owner": {
        "displayName": "$OwnerDisplayName$",
        "url": "",
        "_links": "{}",
        "id": "$OwnerId$",
        "uniqueName": "$OwnerUniqueName$",
        "imageUrl": "",
        "descriptor": ""
      },
      "variables": {},
      "variableGroups": [],
      "preDeployApprovals": {
        "approvals": [
          {
            "rank": 1,
            "isAutomated": true,
            "isNotificationOn": false,
            "id": 1
          }
        ],
        "approvalOptions": {
          "requiredApproverCount": null,
          "releaseCreatorCanBeApprover": false,
          "autoTriggeredAndPreviousEnvironmentApprovedCanBeSkipped": false,
          "enforceIdentityRevalidation": false,
          "timeoutInMinutes": 0,
          "executionOrder": "beforeGates"
        }
      },
      "deployStep": {
        "id": 2
      },
      "postDeployApprovals": {
        "approvals": [
          {
            "rank": 1,
            "isAutomated": true,
            "isNotificationOn": false,
            "id": 3
          }
        ],
        "approvalOptions": {
          "requiredApproverCount": null,
          "releaseCreatorCanBeApprover": false,
          "autoTriggeredAndPreviousEnvironmentApprovedCanBeSkipped": false,
          "enforceIdentityRevalidation": false,
          "timeoutInMinutes": 0,
          "executionOrder": "afterSuccessfulGates"
        }
      },
      "deployPhases": [
        {
          "deploymentInput": {
            "parallelExecution": {
              "parallelExecutionType": "none"
            },
            "agentSpecification": {
              "identifier": "ubuntu-18.04"
            },
            "skipArtifactsDownload": false,
            "artifactsDownloadInput": {
              "downloadInputs": []
            },
            "queueId": "$Azure Pipelines$",
            "demands": [],
            "enableAccessToken": false,
            "timeoutInMinutes": 0,
            "jobCancelTimeoutInMinutes": 1,
            "condition": "succeeded()",
            "overrideInputs": {}
          },
          "rank": 1,
          "phaseType": "agentBasedDeployment",
          "name": "Agent job",
          "refName": null,
          "workflowTasks": [
            {
              "environment": {},
              "taskId": "5bfb729a-a7c8-4a78-a7c3-8d717bb7c13c",
              "version": "2.*",
              "name": "Copy Files to agent",
              "refName": "",
              "enabled": true,
              "alwaysRun": false,
              "continueOnError": false,
              "timeoutInMinutes": 0,
              "definitionType": "task",
              "overrideInputs": {},
              "condition": "succeeded()",
              "inputs": {
                "SourceFolder": "$(System.DefaultWorkingDirectory)/_Build Azure Integration Services shared resources-CI/drop",
                "Contents": "**",
                "TargetFolder": "$(agent.builddirectory)",
                "CleanTargetFolder": "false",
                "OverWrite": "false",
                "flattenFolders": "false",
                "preserveTimestamp": "false"
              }
            },
            {
              "environment": {},
              "taskId": "94a74903-f93f-4075-884f-dc11f34058b4",
              "version": "2.*",
              "name": "Azure Deployment: Create Or Update Resource Group action on Async Pattern",
              "refName": "",
              "enabled": true,
              "alwaysRun": false,
              "continueOnError": false,
              "timeoutInMinutes": 0,
              "definitionType": "task",
              "overrideInputs": {},
              "condition": "succeeded()",
              "inputs": {
                "ConnectedServiceName": "",
                "action": "Create Or Update Resource Group",
                "resourceGroupName": "$(RESOURCEGROUP_LOGICAPPS)",
                "location": "$(LOCATION_LOGICAPPS)",
                "templateLocation": "Linked artifact",
                "csmFileLink": "",
                "csmParametersFileLink": "",
                "csmFile": "$(agent.builddirectory)/deploy/azuredeploy_logicapps.json",
                "csmParametersFile": "$(agent.builddirectory)/deploy/azuredeploy_logicapps.parameters.json",
                "overrideParameters": "-logicAppNameOrchestrator $(ORCHESTRATOR_LA_NAME) -logicAppLocation $(LOCATION_LOGICAPPS) -servicebus_1_namespace $(SERVICEBUSNS) -servicebus_1_queueName $(SERVICEBUSQUEUE) -servicebus_1_resourceGroupName $(RESOURCEGROUP_SHARED) -servicebus_1_connectionString $(aissharedservicebus) -diagnosticSettings_resourceGroupName $(RESOURCEGROUP_SHARED) -diagnosticSettings_workspaceName $(LOGANALYTICS) -logicAppNameProcessor $(PROCESSOR_LA_NAME) -documentdb_1_databaseAccount $(COSMOSACC) -documentdb_1_databaseName $(COSMOSDB) -documentdb_1_containerName $(COSMOSCON) -documentdb_1_accessKey $(aissharedcosmosdb) -clientId $servicePrincipalId -clientSecret $servicePrincipalKey",
                "deploymentMode": "Incremental",
                "enableDeploymentPrerequisites": "None",
                "deploymentGroupEndpoint": "",
                "project": "",
                "deploymentGroupName": "",
                "copyAzureVMTags": "true",
                "runAgentServiceAsUser": "false",
                "userName": "",
                "password": "",
                "outputVariable": "",
                "deploymentName": "",
                "deploymentOutputs": "",
                "addSpnToEnvironment": "true"
              }
            },
            {
              "environment": {},
              "taskId": "72a1931b-effb-4d2e-8fd8-f8472a07cb62",
              "version": "4.*",
              "name": "Azure PowerShell script: Set Callback URL from Orchestrator Logic App",
              "refName": "",
              "enabled": true,
              "alwaysRun": false,
              "continueOnError": false,
              "timeoutInMinutes": 0,
              "definitionType": "task",
              "overrideInputs": {},
              "condition": "succeeded()",
              "inputs": {
                "ConnectedServiceNameARM": "",
                "ScriptType": "InlineScript",
                "ScriptPath": "",
                "Inline": "$fullurl = Get-AzLogicAppTriggerCallbackUrl -ResourceGroupName \"$env:RESOURCEGROUP_LOGICAPPS\" -Name \"$env:ORCHESTRATOR_LA_NAME\" -TriggerName \"manual\" | Select -First 1 -ExpandProperty Value\n$baseurl = Get-AzLogicAppTriggerCallbackUrl -ResourceGroupName \"$env:RESOURCEGROUP_LOGICAPPS\" -Name \"$env:ORCHESTRATOR_LA_NAME\" -TriggerName \"manual\" | Select -First 1 -ExpandProperty BasePath\n$urlpath = Get-AzLogicAppTriggerCallbackUrl -ResourceGroupName \"$env:RESOURCEGROUP_LOGICAPPS\" -Name \"$env:ORCHESTRATOR_LA_NAME\" -TriggerName \"manual\" | Select -First 1 -ExpandProperty Value\n$urlpath = $urlpath.Substring($fullurl.Length-$baseurl.Length-21,$baseurl.Length+21)\n$urlpath = [System.Security.SecurityElement]::Escape($urlpath)\n$urlpath = $urlpath -replace \"%2F\", \"/\"\n$baseurl = $baseurl -replace \"/manual/paths/invoke\", \"\"\nWrite-Host \"##vso[task.setvariable variable=ORCHESTRATOR_LA_URLPATH;]$urlpath\"\nWrite-Host \"##vso[task.setvariable variable=ORCHESTRATOR_LA_BASEURL;]$baseurl\"\nWrite-Host \"Logic App URL Path ($urlpath)\"\nWrite-Host \"Logic App Base URL ($baseurl)\"\nWrite-Host \"Logic App Full URL ($fullurl)\"",
                "ScriptArguments": "",
                "errorActionPreference": "stop",
                "FailOnStandardError": "false",
                "TargetAzurePs": "LatestVersion",
                "CustomTargetAzurePs": "",
                "pwsh": "false",
                "workingDirectory": ""
              }
            },
            {
              "environment": {},
              "taskId": "72a1931b-effb-4d2e-8fd8-f8472a07cb62",
              "version": "4.*",
              "name": "Azure PowerShell script: Check variable settings",
              "refName": "",
              "enabled": true,
              "alwaysRun": false,
              "continueOnError": false,
              "timeoutInMinutes": 0,
              "definitionType": "task",
              "overrideInputs": {},
              "condition": "succeeded()",
              "inputs": {
                "ConnectedServiceNameARM": "",
                "ScriptType": "InlineScript",
                "ScriptPath": "",
                "Inline": "Write-Host \"Set environment variable URLPATH to ($env:ORCHESTRATOR_LA_URLPATH)\"\nWrite-Host \"Set environment variable BASEURL to ($env:ORCHESTRATOR_LA_BASEURL)\"",
                "ScriptArguments": "",
                "errorActionPreference": "stop",
                "FailOnStandardError": "false",
                "TargetAzurePs": "LatestVersion",
                "CustomTargetAzurePs": "",
                "pwsh": "false",
                "workingDirectory": ""
              }
            },
            {
              "environment": {},
              "taskId": "94a74903-f93f-4075-884f-dc11f34058b4",
              "version": "2.*",
              "name": "Azure Deployment: Create Or Update Resource Group action on Async Pattern (APIM)",
              "refName": "",
              "enabled": true,
              "alwaysRun": false,
              "continueOnError": false,
              "timeoutInMinutes": 0,
              "definitionType": "task",
              "overrideInputs": {},
              "condition": "succeeded()",
              "inputs": {
                "ConnectedServiceName": "",
                "action": "Create Or Update Resource Group",
                "resourceGroupName": "$(RESOURCEGROUP_SHARED)",
                "location": "$(LOCATION_SHARED)",
                "templateLocation": "Linked artifact",
                "csmFileLink": "",
                "csmParametersFileLink": "",
                "csmFile": "$(agent.builddirectory)/deploy/azuredeploy_api.json",
                "csmParametersFile": "",
                "overrideParameters": "-ApimServiceName $(APIM) -ApiName $(API_NAME) -ApiOperation $(API_OPERATION) -ApiPath $(API_PATH) -BackendServiceURLPath $(ORCHESTRATOR_LA_URLPATH) -BackendServiceBaseURL $(ORCHESTRATOR_LA_BASEURL) -logicAppNameOrchestrator $(ORCHESTRATOR_LA_NAME) -ApimResourceGroup $(RESOURCEGROUP_SHARED) -ApplicationInsightsName $(APPINSIGHTS)",
                "deploymentMode": "Incremental",
                "enableDeploymentPrerequisites": "None",
                "deploymentGroupEndpoint": "",
                "project": "",
                "deploymentGroupName": "",
                "copyAzureVMTags": "true",
                "runAgentServiceAsUser": "false",
                "userName": "",
                "password": "",
                "outputVariable": "",
                "deploymentName": "",
                "deploymentOutputs": "",
                "addSpnToEnvironment": "false"
              }
            }
          ]
        }
      ],
      "environmentOptions": {
        "emailNotificationType": "OnlyOnFailure",
        "emailRecipients": "release.environment.owner;release.creator",
        "skipArtifactsDownload": false,
        "timeoutInMinutes": 0,
        "enableAccessToken": false,
        "publishDeploymentStatus": true,
        "badgeEnabled": false,
        "autoLinkWorkItems": false,
        "pullRequestDeploymentEnabled": false
      },
      "demands": [],
      "conditions": [
        {
          "name": "ReleaseStarted",
          "conditionType": "event",
          "value": ""
        }
      ],
      "executionPolicy": {
        "concurrencyCount": 1,
        "queueDepthCount": 0
      },
      "schedules": [],
      "currentRelease": {
        "id": 26,
        "url": "https://vsrm.dev.azure.com/pavander/672f3e6d-306f-49fb-8aaf-2991bc84fb7d/_apis/Release/releases/26",
        "_links": {}
      },
      "retentionPolicy": {
        "daysToKeep": 30,
        "releasesToKeep": 3,
        "retainBuild": true
      },
      "processParameters": {},
      "properties": {
        "BoardsEnvironmentType": {
          "$type": "System.String",
          "$value": "unmapped"
        },
        "LinkBoardsWorkItems": {
          "$type": "System.String",
          "$value": "False"
        }
      },
      "preDeploymentGates": {
        "id": 0,
        "gatesOptions": null,
        "gates": []
      },
      "postDeploymentGates": {
        "id": 0,
        "gatesOptions": null,
        "gates": []
      },
      "environmentTriggers": [],
      "badgeUrl": ""
    }
  ],
  "artifacts": [
    {
      "sourceId": "$ProjectId$:$Build Azure Integration Services shared resources-CI-id$",
      "type": "Build",
      "alias": "_Build Azure Integration Services shared resources-CI",
      "definitionReference": {
        "artifactSourceDefinitionUrl": "{}",
        "defaultVersionBranch": {
          "id": "",
          "name": ""
        },
        "defaultVersionSpecific": {
          "id": "",
          "name": ""
        },
        "defaultVersionTags": {
          "id": "",
          "name": ""
        },
        "defaultVersionType": {
          "id": "latestType",
          "name": "Latest"
        },
        "definition": {
          "id": "$Build Azure Integration Services shared resources-CI-id$",
          "name": "Build Azure Integration Services shared resources-CI"
        },
        "definitions": {
          "id": "",
          "name": ""
        },
        "IsMultiDefinitionType": {
          "id": "False",
          "name": "False"
        },
        "project": {
          "id": "$ProjectId$",
          "name": "$ProjectName$"
        },
        "repository": {
          "id": "",
          "name": ""
        }
      },
      "isPrimary": true,
      "isRetained": false
    }
  ],
  "triggers": [
    {
      "artifactAlias": "_Build Azure Integration Services shared resources-CI",
      "triggerConditions": [],
      "triggerType": "artifactSource"
    }
  ],
  "releaseNameFormat": "Release-$(rev:r)",
  "tags": [],
  "properties": {
    "DefinitionCreationSource": {
      "$type": "System.String",
      "$value": "ReleaseNew"
    },
    "IntegrateBoardsWorkItems": {
      "$type": "System.String",
      "$value": "False"
    },
    "IntegrateJiraWorkItems": {
      "$type": "System.String",
      "$value": "false"
    }
  },
  "id": "",
  "name": "Release Azure Integration Services async pattern-CD",
  "path": "\\",
  "projectReference": null,
  "url": "",
  "_links": "{}"
}