{
  "count": 2,
  "value": [
    {
      "variables": {
        "aissharedcosmosdb": {
          "enabled": true,
          "contentType": "",
          "value": null,
          "isSecret": true
        },
        "aissharedservicebus": {
          "enabled": true,
          "contentType": "",
          "value": null,
          "isSecret": true
        }
      },
      "id": "6",
      "type": "AzureKeyVault",
      "name": "Key Vault Secrets",
      "isShared": false
    },
    {
      "variables": {
        "APIM": {
          "value": "aisshared"
        },
        "APPINSIGHTS": {
          "value": "aisshared-ai"
        },
        "COSMOSACC": {
          "value": "aisshared-acc"
        },
        "COSMOSDB": {
          "value": "aisshared-db"
        },
        "KV": {
          "value": "aisshared-kv"
        },
        "KVCOSMOSDBLABEL": {
          "value": "aissharedcosmosdb"
        },
        "KVSERVICEBUSLABEL": {
          "value": "aissharedservicebus"
        },
        "LOCATION_SHARED": {
          "value": "westeurope"
        },
        "LOGANALYTICS": {
          "value": "aisshared-ws"
        },
        "RESOURCEGROUP_SHARED": {
          "value": "aisshared-rg"
        },
        "SERVICEBUSNS": {
          "value": "aisshared-ns"
        }
      },
      "id": "5",
      "type": "Vsts",
      "name": "Shared Resources",
      "isShared": false
    }
  ]
}